Workbook

Sheet סימולציה
B2: MAX Load – סימולציית העמסה
B4: בחירת משאית
B5: משאית: | C5: IVECO מדיקל · 67793404
B6: משקל עצמי: | C6: =INDEX('משאיות'!$G$2:$G$7,MATCH($C$5,'משאיות'!$F$2:$F$7,0)) | D6: משקל כולל מותר: | E6: =INDEX('משאיות'!$H$2:$H$7,MATCH($C$5,'משאיות'!$F$2:$F$7,0)) | F6: כושר העמסה: | G6: =E6-C6
B7: מגבלת רמפה: | C7: =INDEX('משאיות'!$J$2:$J$7,MATCH($C$5,'משאיות'!$F$2:$F$7,0)) | D7: ייעוד: | E7: =INDEX('משאיות'!$D$2:$D$7,MATCH($C$5,'משאיות'!$F$2:$F$7,0)) | F7: מספר משאית: | G7: =INDEX('משאיות'!$E$2:$E$7,MATCH($C$5,'משאיות'!$F$2:$F$7,0))
B9: פריטים מלאים וריקים
B10: מס׳ | C10: פריט | D10: מצב | E10: כמות | F10: משקל יחידה | G10: משקל כולל | H10: הערה
B11: 1 | C11: גליל גז | D11: ריק | E11: 7 | F11: =IF(C11="","",IF(D11="מלא",INDEX('פריטים'!$F$2:$F$10,MATCH(C11,'פריטים'!$D$2:$D$10,0)),INDEX('פריטים'!$E$2:$E$10,MATCH(C11,'פריטים'!$D$2:$D$10,0)))) | G11: =IF(OR(E11="",F11=""),"",E11*F11)
B12: 2 | E12: 0 | F12: =IF(C12="","",IF(D12="מלא",INDEX('פריטים'!$F$2:$F$10,MATCH(C12,'פריטים'!$D$2:$D$10,0)),INDEX('פריטים'!$E$2:$E$10,MATCH(C12,'פריטים'!$D$2:$D$10,0)))) | G12: =IF(OR(E12="",F12=""),"",E12*F12)
B13: 3 | E13: 0 | F13: =IF(C13="","",IF(D13="מלא",INDEX('פריטים'!$F$2:$F$10,MATCH(C13,'פריטים'!$D$2:$D$10,0)),INDEX('פריטים'!$E$2:$E$10,MATCH(C13,'פריטים'!$D$2:$D$10,0)))) | G13: =IF(OR(E13="",F13=""),"",E13*F13)
B14: 4 | E14: 0 | F14: =IF(C14="","",IF(D14="מלא",INDEX('פריטים'!$F$2:$F$10,MATCH(C14,'פריטים'!$D$2:$D$10,0)),INDEX('פריטים'!$E$2:$E$10,MATCH(C14,'פריטים'!$D$2:$D$10,0)))) | G14: =IF(OR(E14="",F14=""),"",E14*F14)
B15: 5 | E15: 0 | F15: =IF(C15="","",IF(D15="מלא",INDEX('פריטים'!$F$2:$F$10,MATCH(C15,'פריטים'!$D$2:$D$10,0)),INDEX('פריטים'!$E$2:$E$10,MATCH(C15,'פריטים'!$D$2:$D$10,0)))) | G15: =IF(OR(E15="",F15=""),"",E15*F15)
B16: 6 | E16: 0 | F16: =IF(C16="","",IF(D16="מלא",INDEX('פריטים'!$F$2:$F$10,MATCH(C16,'פריטים'!$D$2:$D$10,0)),INDEX('פריטים'!$E$2:$E$10,MATCH(C16,'פריטים'!$D$2:$D$10,0)))) | G16: =IF(OR(E16="",F16=""),"",E16*F16)
B17: 7 | E17: 0 | F17: =IF(C17="","",IF(D17="מלא",INDEX('פריטים'!$F$2:$F$10,MATCH(C17,'פריטים'!$D$2:$D$10,0)),INDEX('פריטים'!$E$2:$E$10,MATCH(C17,'פריטים'!$D$2:$D$10,0)))) | G17: =IF(OR(E17="",F17=""),"",E17*F17)
B18: 8 | E18: 0 | F18: =IF(C18="","",IF(D18="מלא",INDEX('פריטים'!$F$2:$F$10,MATCH(C18,'פריטים'!$D$2:$D$10,0)),INDEX('פריטים'!$E$2:$E$10,MATCH(C18,'פריטים'!$D$2:$D$10,0)))) | G18: =IF(OR(E18="",F18=""),"",E18*F18)
B19: 9 | E19: 0 | F19: =IF(C19="","",IF(D19="מלא",INDEX('פריטים'!$F$2:$F$10,MATCH(C19,'פריטים'!$D$2:$D$10,0)),INDEX('פריטים'!$E$2:$E$10,MATCH(C19,'פריטים'!$D$2:$D$10,0)))) | G19: =IF(OR(E19="",F19=""),"",E19*F19)
B20: 10 | E20: 0 | F20: =IF(C20="","",IF(D20="מלא",INDEX('פריטים'!$F$2:$F$10,MATCH(C20,'פריטים'!$D$2:$D$10,0)),INDEX('פריטים'!$E$2:$E$10,MATCH(C20,'פריטים'!$D$2:$D$10,0)))) | G20: =IF(OR(E20="",F20=""),"",E20*F20)
B22: פריטים קבועים
B23: פריט | C23: שיטת קלט | D23: כמות / בחירה | E23: משקל ליחידה | F23: משקל כולל | G23: הערות
B24: עגלה | C24: כן/לא | D24: כן | E24: 300 | F24: =IF(D24="כן",E24,0)
B25: כלוב בלגי | C25: כמות | D25: 1 | E25: 160 | F25: =D25*E25
B26: כלוב 9 | C26: כמות | D26: 0 | E26: 80 | F26: =D26*E26
B29: תוצאות הסימולציה
B30: משקל מטען כולל | C30: =SUM(G11:G20)+SUM(F24:F26) | E30: ='קבועים'!$B$10&CHAR(10)&"מגבלת הרמפה למשאית שנבחרה: "&TEXT(C7,"#,##0")&" ק״ג"
B31: משקל כולל משאית + מטען | C31: =C6+C30
B32: יתרת כושר העמסה | C32: =G6-C30
B33: ניצולת כושר העמסה | C33: =IF(G6=0,0,C30/G6)
B34: סטטוס | C34: =IF(C30>G6,"חריגה",IF(C33>='קבועים'!$B$5/100,"קרוב למגבלה","תקין"))
B37: שימוש: בחר משאית, הוסף פריטים וכמויות, ובחר מצב מלא או ריק. בפריטים הקבועים בחר אם קיימת עגלה והזן כמויות כלובים. מגבלת הרמפה היא מגבלה לציוד שנמצא בו־זמנית על הרמפה ואינה מחושבת אוטומטית.

Sheet משאיות
A1: מזהה | B1: פעיל | C1: יצרן | D1: ייעוד | E1: מספר משאית | F1: שם תצוגה | G1: משקל עצמי (ק״ג) | H1: משקל כולל מותר (ק״ג) | I1: כושר העמסה מחושב (ק״ג) | J1: מגבלת רמפה (ק״ג) | K1: קובץ תמונה | L1: הערות
A2: v1 | B2: כן | C2: IVECO | D2: רכב מדיקל | E2: 80-430-203 | F2: IVECO מדיקל · 80-430-203 | G2: 3912 | H2: 7200 | I2: =H2-G2 | J2: 1500 | K2: iveco.jpg | L2: מגבלת רמפה 1500 ק"ג
A3: v2 | B3: כן | C3: IVECO | D3: רכב מדיקל | E3: 67-793-404 | F3: IVECO מדיקל · 67793404 | G3: 3930 | H3: 7200 | I3: =H3-G3 | J3: 1500 | K3: iveco.jpg | L3: מגבלת רמפה 1500 ק"ג
A4: v3 | B4: כן | C4: DAF | D4: רכב תעשייתי | E4: 11-112-39 | F4: DAF תעשייתי · 11-112-39 | G4: 6169 | H4: 12000 | I4: =H4-G4 | J4: 2000 | K4: daf.jpg | L4: מגבלת רמפה 2000 ק"ג
A5: v4 | B5: כן | C5: DAF | D5: רכב תעשייתי | E5: 66-032-901 | F5: DAF תעשייתי · 66-032-901 | G5: 6030 | H5: 12000 | I5: =H5-G5 | J5: 2000 | K5: daf.jpg | L5: מגבלת רמפה 2000 ק"ג
A6: v5 | B6: כן | C6: DAF | D6: רכב תעשייתי | E6: 65-941-901 | F6: DAF תעשייתי · 65-941-901 | G6: 6250 | H6: 12000 | I6: =H6-G6 | J6: 2000 | K6: daf.jpg | L6: מגבלת רמפה 2000 ק"ג
A7: v6 | B7: כן | C7: DAF | D7: רכב תעשייתי | E7: 10-983-39 | F7: DAF תעשייתי · 10-983-39 | G7: 5880 | H7: 12000 | I7: =H7-G7 | J7: 2000 | K7: daf.jpg | L7: מגבלת רמפה 2000 ק"ג

Sheet פריטים
A1: מזהה | B1: פעיל | C1: קטגוריה | D1: שם פריט | E1: משקל ריק (ק״ג) | F1: משקל מלא (ק״ג) | G1: הפרש מלא-ריק (ק״ג) | H1: יחידת ספירה | I1: הערות
A2: i1 | B2: כן | C2: גלילים | D2: גליל גז | E2: 54 | F2: 64 | G2: =F2-E2 | H2: יחידה
A3: i2 | B3: כן | C3: גלילים | D3: גליל נוזל | E3: 54 | F3: 80 | G3: =F3-E3 | H3: יחידה
A4: i3 | B4: כן | C4: גלילים | D4: גליל גז קטן | E4: 3 | F4: 3.5 | G4: =F4-E4 | H4: יחידה
A5: i4 | B5: כן | C5: מכלים | D5: דיואר | E5: 150 | F5: 420 | G5: =F5-E5 | H5: יחידה
A6: i5 | B6: כן | C6: סוללות | D6: סוללת 6 | E6: 420 | F6: 480 | G6: =F6-E6 | H6: יחידה
A7: i6 | B7: כן | C7: סוללות | D7: סוללת 12 | E7: 680 | F7: 800 | G7: =F7-E7 | H7: יחידה
A8: i7 | B8: כן | C8: סוללות | D8: סוללת 24 | E8: 1700 | F8: 1940 | G8: =F8-E8 | H8: יחידה
A9: i8 | B9: כן | C9: סוללות | D9: סוללת 36 | E9: 2020 | F9: 2380 | G9: =F9-E9 | H9: יחידה
A10: i9 | B10: כן | C10: סוללות | D10: סוללת פדח 4 | E10: 372 | F10: 480 | G10: =F10-E10 | H10: יחידה

Sheet פריטים קבועים
A1: מזהה | B1: פעיל | C1: שם פריט | D1: שיטת קלט | E1: משקל ליחידה (ק״ג) | F1: ברירת מחדל | G1: מופיע במתכנן | H1: הערות
A2: f1 | B2: כן | C2: עגלה | D2: כן/לא | E2: 300 | F2: אין | G2: לא | H2: משקל קבוע באפליקציה
A3: f2 | B3: כן | C3: כלוב בלגי | D3: כמות | E3: 160 | F3: 0 | G3: כן | H3: משקל קבוע ליחידה
A4: f3 | B4: כן | C4: כלוב 9 | D4: כמות | E4: 80 | F4: 0 | G4: כן | H4: משקל קבוע ליחידה

Sheet מלאים וריקים
A1: מזהה פריט | B1: שם פריט | C1: מצב | D1: משקל (ק״ג) | E1: מקור נתון | F1: פעיל
A2: i1 | B2: גליל גז | C2: ריק | D2: 54 | E2: גיליון פריטים | F2: כן
A3: i1 | B3: גליל גז | C3: מלא | D3: 64 | E3: גיליון פריטים | F3: כן
A4: i2 | B4: גליל נוזל | C4: ריק | D4: 54 | E4: גיליון פריטים | F4: כן
A5: i2 | B5: גליל נוזל | C5: מלא | D5: 80 | E5: גיליון פריטים | F5: כן
A6: i3 | B6: גליל קטן | C6: ריק | D6: 3 | E6: גיליון פריטים | F6: כן
A7: i3 | B7: גליל קטן | C7: מלא | D7: 3.5 | E7: גיליון פריטים | F7: כן
A8: i4 | B8: דיואר | C8: ריק | D8: 150 | E8: גיליון פריטים | F8: כן
A9: i4 | B9: דיואר | C9: מלא | D9: 420 | E9: גיליון פריטים | F9: כן
A10: i5 | B10: סוללת 6 | C10: ריק | D10: 420 | E10: גיליון פריטים | F10: כן
A11: i5 | B11: סוללת 6 | C11: מלא | D11: 480 | E11: גיליון פריטים | F11: כן
A12: i6 | B12: סוללת 12 | C12: ריק | D12: 680 | E12: גיליון פריטים | F12: כן
A13: i6 | B13: סוללת 12 | C13: מלא | D13: 800 | E13: גיליון פריטים | F13: כן
... A19: i9 | B19: סוללת פדח 4 | C19: מלא | D19: 480 | E19: גיליון פריטים | F19: כן

Sheet קבועים
A1: מפתח | B1: ערך | C1: סוג נתון | D1: תיאור | E1: ניתן לשינוי | F1: הערות
A2: data_version | B2: 3.2 | C2: טקסט | D2: גרסת קובץ הנתונים | E2: כן
A3: app_version | B3: 3.1 | C3: טקסט | D3: גרסת האפליקציה התואמת | E3: כן
A4: weight_unit | B4: ק״ג | C4: טקסט | D4: יחידת המשקל המוצגת | E4: לא
A5: warning_threshold_pct | B5: 90 | C5: אחוז | D5: מעל ערך זה מוצגת התראת קרבה למגבלה | E5: כן
A6: overload_threshold_pct | B6: 100 | C6: אחוז | D6: מעל ערך זה מוצגת חריגה | E6: לא
A7: default_quantity | B7: 1 | C7: מספר | D7: כמות ברירת מחדל בשורה חדשה | E7: כן
A8: default_item_id | B8: i1 | C8: טקסט | D8: פריט ברירת מחדל בשורה חדשה | E8: כן
A9: default_status | B9: מלא | C9: טקסט | D9: מצב ברירת מחדל בשורה חדשה | E9: כן
A10: ramp_message | B10: יש לוודא שסך הציוד שנמצא בו־זמנית על הרמפה אינו עולה על המגבלה. | C10: טקסט | D10: נוסח הודעת מגבלת רמפה | E10: כן | F10: להציג הערות משאית
A11: show_truck_images | B11: כן | C11: כן/לא | D11: הצגת תמונות המשאיות | E11: כן

Sheet הוראות
A1: MAX Load – קובץ נתונים מלא
A3: מטרה | B3: הקובץ מרכז את כל נתוני המשאיות, הפריטים, הפריטים הקבועים, המשקלים במצב מלא/ריק והקבועים של האפליקציה.
A4: שינוי משאית | B4: ערוך את השורה המתאימה בגיליון משאיות. אין לשנות את המזהה, אלא אם גם קוד האפליקציה מותאם לכך.
A5: הוספת משאית | B5: הוסף שורה חדשה בגיליון משאיות, קבע מזהה ייחודי, בחר כן בעמודת פעיל ומלא את כל המשקלים.
A6: שינוי פריט | B6: ערוך משקל ריק ומשקל מלא בגיליון פריטים. ההפרש מחושב אוטומטית.
A7: הוספת פריט | B7: הוסף שורה חדשה בגיליון פריטים עם מזהה ייחודי. הפריט צריך להיקלט גם בקוד/ייבוא הנתונים של האפליקציה.
A8: פריטים קבועים | B8: עגלה וכלובים מנוהלים בגיליון פריטים קבועים.
A9: מלאים וריקים | B9: גיליון זה הוא תצוגת בקרה מלאה של כל פריט בשני המצבים; מקור הנתונים הוא גיליון פריטים.
A10: צבעים | B10: כחול = נתון שניתן לערוך; שחור = נוסחה מחושבת; ירוק = נתון שהועתק/קושר; אפור = קבוע מערכת.
A11: חשוב | B11: האפליקציה הנוכחית אינה קוראת קובץ Excel ישירות. לאחר שינוי הקובץ יש לעדכן את נתוני האפליקציה או לבנות מנגנון ייבוא.
